ZIPファイル名,出力年月日・時刻,地番区域,地番,地番区域（筆界未定地構成地番）,地番（筆界未定地構成地番）
03487-4004-1.zip,202202101345,下閉伊郡川井村,地区外-3463605,,
03487-4004-1.zip,202202101345,下閉伊郡川井村,地区外-3463606,,
03487-4004-1.zip,202202101345,下閉伊郡川井村,地区外-3463607,,
03487-4004-1.zip,202202101345,下閉伊郡川井村,地区外-3463608,,
03487-4004-1.zip,202202101345,下閉伊郡川井村,地区外-3463609,,
03487-4004-2.zip,202202101345,下閉伊郡川井村,地区外-3468767,,
03487-4004-2.zip,202202101345,下閉伊郡川井村,地区外-3468768,,
03487-4004-2.zip,202202101345,下閉伊郡川井村,地区外-3468769,,
03487-4004-2.zip,202202101345,下閉伊郡川井村,地区外-3468770,,
03487-4004-3.zip,202202101345,下閉伊郡川井村,地区外-3470468,,
03487-4004-3.zip,202202101345,下閉伊郡川井村,地区外-3470470,,
03487-4004-3.zip,202202101345,下閉伊郡川井村,地区外-3470471,,
03487-4004-3.zip,202202101345,下閉伊郡川井村,地区外-3470472,,
03487-4004-3.zip,202202101345,下閉伊郡川井村,地区外-3470473,,
03487-4004-3.zip,202202101345,下閉伊郡川井村,地区外-3470474,,
03487-4004-3.zip,202202101345,下閉伊郡川井村,地区外-3470469,,
03487-4004-4.zip,202202101345,下閉伊郡川井村,地区外-3473970,,
03487-4004-4.zip,202202101345,下閉伊郡川井村,地区外-3473971,,
03487-4004-5.zip,202202101345,下閉伊郡川井村,地区外-1181736,,
03487-4004-5.zip,202202101345,下閉伊郡川井村,地区外-1181737,,
03487-4004-5.zip,202202101345,下閉伊郡川井村,地区外-1181739,,
03487-4004-5.zip,202202101345,下閉伊郡川井村,地区外-1181740,,
03487-4004-5.zip,202202101345,下閉伊郡川井村,地区外-1181741,,
03487-4004-5.zip,202202101345,下閉伊郡川井村,地区外-1181742,,
03487-4004-5.zip,202202101345,下閉伊郡川井村,地区外-1181743,,
03487-4004-5.zip,202202101345,下閉伊郡川井村,地区外-1181744,,
03487-4004-5.zip,202202101345,下閉伊郡川井村,地区外-1181738,,
03487-4004-6.zip,202202101345,下閉伊郡川井村,地区外-1260992,,
03487-4004-6.zip,202202101345,下閉伊郡川井村,地区外-1260994,,
03487-4004-6.zip,202202101345,下閉伊郡川井村,地区外-1260995,,
03487-4004-6.zip,202202101345,下閉伊郡川井村,地区外-1260996,,
03487-4004-6.zip,202202101345,下閉伊郡川井村,地区外-1260998,,
03487-4004-6.zip,202202101345,下閉伊郡川井村,地区外-1260999,,
03487-4004-6.zip,202202101345,下閉伊郡川井村,地区外-1261000,,
03487-4004-6.zip,202202101345,下閉伊郡川井村,地区外-1260993,,
03487-4004-6.zip,202202101345,下閉伊郡川井村,地区外-1260997,,
03487-4004-7.zip,202202101345,下閉伊郡川井村,地区外-1263255,,
03487-4004-7.zip,202202101345,下閉伊郡川井村,地区外-1263256,,
03487-4004-7.zip,202202101345,下閉伊郡川井村,地区外-1263257,,
03487-4004-7.zip,202202101345,下閉伊郡川井村,地区外-1263258,,
03487-4004-7.zip,202202101345,下閉伊郡川井村,地区外-1263259,,
03487-4004-7.zip,202202101345,下閉伊郡川井村,地区外-1263260,,
03487-4004-7.zip,202202101345,下閉伊郡川井村,地区外-1263262,,
03487-4004-7.zip,202202101345,下閉伊郡川井村,地区外-1263263,,
03487-4004-7.zip,202202101345,下閉伊郡川井村,地区外-1263264,,
03487-4004-7.zip,202202101345,下閉伊郡川井村,地区外-1263265,,
03487-4004-7.zip,202202101345,下閉伊郡川井村,地区外-1263266,,
03487-4004-7.zip,202202101345,下閉伊郡川井村,地区外-1263267,,
03487-4004-7.zip,202202101345,下閉伊郡川井村,地区外-1263268,,
03487-4004-7.zip,202202101345,下閉伊郡川井村,地区外-1263270,,
03487-4004-7.zip,202202101345,下閉伊郡川井村,地区外-1263271,,
03487-4004-7.zip,202202101345,下閉伊郡川井村,地区外-1263272,,
03487-4004-7.zip,202202101345,下閉伊郡川井村,地区外-1263273,,
03487-4004-7.zip,202202101345,下閉伊郡川井村,地区外-1263275,,
03487-4004-7.zip,202202101345,下閉伊郡川井村,地区外-1263276,,
03487-4004-7.zip,202202101345,下閉伊郡川井村,地区外-1263277,,
03487-4004-7.zip,202202101345,下閉伊郡川井村,地区外-1263278,,
03487-4004-7.zip,202202101345,下閉伊郡川井村,地区外-1263279,,
03487-4004-7.zip,202202101345,下閉伊郡川井村,地区外-1263280,,
03487-4004-7.zip,202202101345,下閉伊郡川井村,地区外-1263281,,
03487-4004-7.zip,202202101345,下閉伊郡川井村,地区外-1263282,,
03487-4004-7.zip,202202101345,下閉伊郡川井村,地区外-1263283,,
03487-4004-7.zip,202202101345,下閉伊郡川井村,地区外-1263284,,
03487-4004-7.zip,202202101345,下閉伊郡川井村,地区外-1263285,,
03487-4004-7.zip,202202101345,下閉伊郡川井村,地区外-1263286,,
03487-4004-7.zip,202202101345,下閉伊郡川井村,地区外-1263287,,
03487-4004-7.zip,202202101345,下閉伊郡川井村,地区外-1263288,,
03487-4004-7.zip,202202101345,下閉伊郡川井村,地区外-1263289,,
03487-4004-7.zip,202202101345,下閉伊郡川井村,地区外-1263290,,
03487-4004-7.zip,202202101345,下閉伊郡川井村,地区外-1263291,,
03487-4004-7.zip,202202101345,下閉伊郡川井村,地区外-1263292,,
03487-4004-7.zip,202202101345,下閉伊郡川井村,地区外-1263293,,
03487-4004-7.zip,202202101345,下閉伊郡川井村,地区外-1263294,,
03487-4004-7.zip,202202101345,下閉伊郡川井村,地区外-1263295,,
03487-4004-7.zip,202202101345,下閉伊郡川井村,地区外-1263296,,
03487-4004-7.zip,202202101345,下閉伊郡川井村,地区外-1263297,,
03487-4004-7.zip,202202101345,下閉伊郡川井村,地区外-1263298,,
03487-4004-7.zip,202202101345,下閉伊郡川井村,地区外-1263299,,
03487-4004-7.zip,202202101345,下閉伊郡川井村,地区外-1263300,,
03487-4004-7.zip,202202101345,下閉伊郡川井村,地区外-1263301,,
03487-4004-7.zip,202202101345,下閉伊郡川井村,地区外-1263302,,
03487-4004-7.zip,202202101345,下閉伊郡川井村,地区外-1263304,,
03487-4004-7.zip,202202101345,下閉伊郡川井村,地区外-1263306,,
03487-4004-7.zip,202202101345,下閉伊郡川井村,地区外-1263307,,
03487-4004-7.zip,202202101345,下閉伊郡川井村,地区外-1263261,,
03487-4004-7.zip,202202101345,下閉伊郡川井村,地区外-1263269,,
03487-4004-7.zip,202202101345,下閉伊郡川井村,地区外-1263305,,
03487-4004-7.zip,202202101345,下閉伊郡川井村,地区外-1263274,,
03487-4004-7.zip,202202101345,下閉伊郡川井村,地区外-1263303,,
03487-4004-8.zip,202202101345,下閉伊郡川井村,地区外-1324612,,
03487-4004-8.zip,202202101345,下閉伊郡川井村,地区外-1324613,,
03487-4004-8.zip,202202101345,下閉伊郡川井村,地区外-1324614,,
03487-4004-8.zip,202202101345,下閉伊郡川井村,地区外-1324615,,
03487-4004-8.zip,202202101345,下閉伊郡川井村,地区外-1324616,,
03487-4004-8.zip,202202101345,下閉伊郡川井村,地区外-1324617,,
03487-4004-8.zip,202202101345,下閉伊郡川井村,地区外-1324618,,
03487-4004-8.zip,202202101345,下閉伊郡川井村,地区外-1324619,,
03487-4004-8.zip,202202101345,下閉伊郡川井村,地区外-1324620,,
03487-4004-8.zip,202202101345,下閉伊郡川井村,地区外-1324621,,
03487-4004-8.zip,202202101345,下閉伊郡川井村,地区外-1324622,,
03487-4004-8.zip,202202101345,下閉伊郡川井村,地区外-1324623,,
03487-4004-8.zip,202202101345,下閉伊郡川井村,地区外-1324624,,
03487-4004-8.zip,202202101345,下閉伊郡川井村,地区外-1324625,,
03487-4004-8.zip,202202101345,下閉伊郡川井村,地区外-1324626,,
03487-4004-8.zip,202202101345,下閉伊郡川井村,地区外-1324627,,
03487-4004-9.zip,202202101345,下閉伊郡川井村,地区外-1326853,,
03487-4004-9.zip,202202101345,下閉伊郡川井村,地区外-1326854,,
03487-4004-9.zip,202202101345,下閉伊郡川井村,地区外-1326856,,
03487-4004-9.zip,202202101345,下閉伊郡川井村,地区外-1326857,,
03487-4004-9.zip,202202101345,下閉伊郡川井村,地区外-1326858,,
03487-4004-9.zip,202202101345,下閉伊郡川井村,地区外-1326859,,
03487-4004-9.zip,202202101345,下閉伊郡川井村,地区外-1326860,,
03487-4004-9.zip,202202101345,下閉伊郡川井村,地区外-1326861,,
03487-4004-9.zip,202202101345,下閉伊郡川井村,地区外-1326862,,
03487-4004-9.zip,202202101345,下閉伊郡川井村,地区外-1326863,,
03487-4004-9.zip,202202101345,下閉伊郡川井村,地区外-1326864,,
03487-4004-9.zip,202202101345,下閉伊郡川井村,地区外-1326865,,
03487-4004-9.zip,202202101345,下閉伊郡川井村,地区外-1326866,,
03487-4004-9.zip,202202101345,下閉伊郡川井村,地区外-1326867,,
03487-4004-9.zip,202202101345,下閉伊郡川井村,地区外-1326868,,
03487-4004-9.zip,202202101345,下閉伊郡川井村,地区外-1326869,,
03487-4004-9.zip,202202101345,下閉伊郡川井村,地区外-1326870,,
03487-4004-9.zip,202202101345,下閉伊郡川井村,地区外-1326871,,
03487-4004-9.zip,202202101345,下閉伊郡川井村,地区外-1326872,,
03487-4004-9.zip,202202101345,下閉伊郡川井村,地区外-1326873,,
03487-4004-9.zip,202202101345,下閉伊郡川井村,地区外-1326874,,
03487-4004-9.zip,202202101345,下閉伊郡川井村,地区外-1326875,,
03487-4004-9.zip,202202101345,下閉伊郡川井村,地区外-1326876,,
03487-4004-9.zip,202202101345,下閉伊郡川井村,地区外-1326877,,
03487-4004-9.zip,202202101345,下閉伊郡川井村,地区外-1326878,,
03487-4004-9.zip,202202101345,下閉伊郡川井村,地区外-1326879,,
03487-4004-9.zip,202202101345,下閉伊郡川井村,地区外-1326880,,
03487-4004-9.zip,202202101345,下閉伊郡川井村,地区外-1326881,,
03487-4004-9.zip,202202101345,下閉伊郡川井村,地区外-1326882,,
03487-4004-9.zip,202202101345,下閉伊郡川井村,地区外-1326883,,
03487-4004-9.zip,202202101345,下閉伊郡川井村,地区外-1326884,,
03487-4004-9.zip,202202101345,下閉伊郡川井村,地区外-1326885,,
03487-4004-9.zip,202202101345,下閉伊郡川井村,地区外-1326886,,
03487-4004-9.zip,202202101345,下閉伊郡川井村,地区外-1326887,,
03487-4004-9.zip,202202101345,下閉伊郡川井村,地区外-1326888,,
03487-4004-9.zip,202202101345,下閉伊郡川井村,地区外-1326889,,
03487-4004-9.zip,202202101345,下閉伊郡川井村,地区外-1326890,,
03487-4004-9.zip,202202101345,下閉伊郡川井村,地区外-1326891,,
03487-4004-9.zip,202202101345,下閉伊郡川井村,地区外-1326892,,
03487-4004-9.zip,202202101345,下閉伊郡川井村,地区外-1326893,,
03487-4004-9.zip,202202101345,下閉伊郡川井村,地区外-1326894,,
03487-4004-9.zip,202202101345,下閉伊郡川井村,地区外-1326895,,
03487-4004-9.zip,202202101345,下閉伊郡川井村,地区外-1326896,,
03487-4004-9.zip,202202101345,下閉伊郡川井村,地区外-1326897,,
03487-4004-9.zip,202202101345,下閉伊郡川井村,地区外-1326898,,
03487-4004-9.zip,202202101345,下閉伊郡川井村,地区外-1326899,,
03487-4004-9.zip,202202101345,下閉伊郡川井村,地区外-1326900,,
03487-4004-9.zip,202202101345,下閉伊郡川井村,地区外-1326901,,
03487-4004-9.zip,202202101345,下閉伊郡川井村,地区外-1326902,,
03487-4004-9.zip,202202101345,下閉伊郡川井村,地区外-1326903,,
03487-4004-9.zip,202202101345,下閉伊郡川井村,地区外-1326904,,
03487-4004-9.zip,202202101345,下閉伊郡川井村,地区外-1326905,,
03487-4004-9.zip,202202101345,下閉伊郡川井村,地区外-1326906,,
03487-4004-9.zip,202202101345,下閉伊郡川井村,地区外-1326907,,
03487-4004-9.zip,202202101345,下閉伊郡川井村,地区外-1326908,,
03487-4004-9.zip,202202101345,下閉伊郡川井村,地区外-1326909,,
03487-4004-9.zip,202202101345,下閉伊郡川井村,地区外-1326910,,
03487-4004-9.zip,202202101345,下閉伊郡川井村,地区外-1326911,,
03487-4004-9.zip,202202101345,下閉伊郡川井村,地区外-1326912,,
03487-4004-9.zip,202202101345,下閉伊郡川井村,地区外-1326913,,
03487-4004-9.zip,202202101345,下閉伊郡川井村,地区外-1326914,,
03487-4004-9.zip,202202101345,下閉伊郡川井村,地区外-1326915,,
03487-4004-9.zip,202202101345,下閉伊郡川井村,地区外-1326916,,
03487-4004-9.zip,202202101345,下閉伊郡川井村,地区外-1326917,,
03487-4004-9.zip,202202101345,下閉伊郡川井村,地区外-1326855,,
03487-4004-10.zip,202202101345,下閉伊郡川井村,地区外-1396986,,
03487-4004-10.zip,202202101345,下閉伊郡川井村,地区外-1396987,,
03487-4004-10.zip,202202101345,下閉伊郡川井村,地区外-1396988,,
03487-4004-10.zip,202202101345,下閉伊郡川井村,地区外-1396989,,
03487-4004-10.zip,202202101345,下閉伊郡川井村,地区外-1396990,,
03487-4004-10.zip,202202101345,下閉伊郡川井村,地区外-1396991,,
03487-4004-10.zip,202202101345,下閉伊郡川井村,地区外-1396992,,
03487-4004-10.zip,202202101345,下閉伊郡川井村,地区外-1396993,,
03487-4004-10.zip,202202101345,下閉伊郡川井村,地区外-1396994,,
03487-4004-10.zip,202202101345,下閉伊郡川井村,地区外-1396995,,
03487-4004-10.zip,202202101345,下閉伊郡川井村,地区外-1396996,,
03487-4004-10.zip,202202101345,下閉伊郡川井村,地区外-1396997,,
03487-4004-10.zip,202202101345,下閉伊郡川井村,地区外-1396998,,
03487-4004-10.zip,202202101345,下閉伊郡川井村,地区外-1396999,,
03487-4004-10.zip,202202101345,下閉伊郡川井村,地区外-1397000,,
03487-4004-11.zip,202202101345,下閉伊郡川井村,地区外-1398942,,
03487-4004-11.zip,202202101345,下閉伊郡川井村,地区外-1398943,,
03487-4004-11.zip,202202101345,下閉伊郡川井村,地区外-1398944,,
03487-4004-11.zip,202202101345,下閉伊郡川井村,地区外-1398945,,
03487-4004-11.zip,202202101345,下閉伊郡川井村,地区外-1398946,,
03487-4004-11.zip,202202101345,下閉伊郡川井村,地区外-1398947,,
03487-4004-11.zip,202202101345,下閉伊郡川井村,地区外-1398948,,
03487-4004-11.zip,202202101345,下閉伊郡川井村,地区外-1398949,,
03487-4004-11.zip,202202101345,下閉伊郡川井村,地区外-1398950,,
03487-4004-11.zip,202202101345,下閉伊郡川井村,地区外-1398951,,
03487-4004-11.zip,202202101345,下閉伊郡川井村,地区外-1398952,,
03487-4004-11.zip,202202101345,下閉伊郡川井村,地区外-1398953,,
03487-4004-11.zip,202202101345,下閉伊郡川井村,地区外-1398954,,
03487-4004-11.zip,202202101345,下閉伊郡川井村,地区外-1398955,,
03487-4004-11.zip,202202101345,下閉伊郡川井村,地区外-1398956,,
03487-4004-11.zip,202202101345,下閉伊郡川井村,地区外-1398957,,
03487-4004-11.zip,202202101345,下閉伊郡川井村,地区外-1398958,,
03487-4004-11.zip,202202101345,下閉伊郡川井村,地区外-1398959,,
03487-4004-11.zip,202202101345,下閉伊郡川井村,地区外-1398960,,
03487-4004-11.zip,202202101345,下閉伊郡川井村,地区外-1398961,,
03487-4004-11.zip,202202101345,下閉伊郡川井村,地区外-1398962,,
03487-4004-11.zip,202202101345,下閉伊郡川井村,地区外-1398963,,
03487-4004-11.zip,202202101345,下閉伊郡川井村,地区外-1398964,,
03487-4004-11.zip,202202101345,下閉伊郡川井村,地区外-1398965,,
03487-4004-11.zip,202202101345,下閉伊郡川井村,地区外-1398966,,
03487-4004-11.zip,202202101345,下閉伊郡川井村,地区外-1398967,,
03487-4004-11.zip,202202101345,下閉伊郡川井村,地区外-1398968,,
03487-4004-11.zip,202202101345,下閉伊郡川井村,地区外-1398969,,
03487-4004-11.zip,202202101345,下閉伊郡川井村,地区外-1398970,,
03487-4004-11.zip,202202101345,下閉伊郡川井村,地区外-1398971,,
03487-4004-11.zip,202202101345,下閉伊郡川井村,地区外-1398972,,
03487-4004-11.zip,202202101345,下閉伊郡川井村,地区外-1398974,,
03487-4004-11.zip,202202101345,下閉伊郡川井村,地区外-1398975,,
03487-4004-11.zip,202202101345,下閉伊郡川井村,地区外-1398976,,
03487-4004-11.zip,202202101345,下閉伊郡川井村,地区外-1398977,,
03487-4004-11.zip,202202101345,下閉伊郡川井村,地区外-1398973,,
03487-4004-12.zip,202202101345,下閉伊郡川井村,地区外-1478664,,
03487-4004-12.zip,202202101345,下閉伊郡川井村,地区外-1478665,,
03487-4004-12.zip,202202101345,下閉伊郡川井村,地区外-1478666,,
03487-4004-12.zip,202202101345,下閉伊郡川井村,地区外-1478667,,
03487-4004-12.zip,202202101345,下閉伊郡川井村,地区外-1478668,,
03487-4004-12.zip,202202101345,下閉伊郡川井村,地区外-1478669,,
03487-4004-12.zip,202202101345,下閉伊郡川井村,地区外-1478670,,
03487-4004-12.zip,202202101345,下閉伊郡川井村,地区外-1478671,,
03487-4004-12.zip,202202101345,下閉伊郡川井村,地区外-1478672,,
03487-4004-12.zip,202202101345,下閉伊郡川井村,地区外-1478673,,
03487-4004-12.zip,202202101345,下閉伊郡川井村,地区外-1478674,,
03487-4004-12.zip,202202101345,下閉伊郡川井村,地区外-1478675,,
03487-4004-12.zip,202202101345,下閉伊郡川井村,地区外-1478676,,
03487-4004-12.zip,202202101345,下閉伊郡川井村,地区外-1478677,,
03487-4004-13.zip,202202101345,下閉伊郡川井村,地区外-1543578,,
03487-4004-13.zip,202202101345,下閉伊郡川井村,地区外-1543579,,
03487-4004-13.zip,202202101345,下閉伊郡川井村,地区外-1543580,,
03487-4004-13.zip,202202101345,下閉伊郡川井村,地区外-1543581,,
03487-4004-13.zip,202202101345,下閉伊郡川井村,地区外-1543582,,
03487-4004-13.zip,202202101345,下閉伊郡川井村,地区外-1543583,,
03487-4004-13.zip,202202101345,下閉伊郡川井村,地区外-1543584,,
03487-4004-13.zip,202202101345,下閉伊郡川井村,地区外-1543585,,
03487-4004-13.zip,202202101345,下閉伊郡川井村,地区外-1543586,,
03487-4004-13.zip,202202101345,下閉伊郡川井村,地区外-1543587,,
03487-4004-13.zip,202202101345,下閉伊郡川井村,地区外-1543588,,
03487-4004-13.zip,202202101345,下閉伊郡川井村,地区外-1543589,,
03487-4004-13.zip,202202101345,下閉伊郡川井村,地区外-1543590,,
03487-4004-13.zip,202202101345,下閉伊郡川井村,地区外-1543591,,
03487-4004-14.zip,202202101345,下閉伊郡川井村,地区外-1625299,,
03487-4004-14.zip,202202101345,下閉伊郡川井村,地区外-1625300,,
03487-4004-14.zip,202202101345,下閉伊郡川井村,地区外-1625301,,
03487-4004-14.zip,202202101345,下閉伊郡川井村,地区外-1625302,,
03487-4004-14.zip,202202101345,下閉伊郡川井村,地区外-1625303,,
03487-4004-14.zip,202202101345,下閉伊郡川井村,地区外-1625304,,
03487-4004-14.zip,202202101345,下閉伊郡川井村,地区外-1625305,,
03487-4004-14.zip,202202101345,下閉伊郡川井村,地区外-1625306,,
03487-4004-14.zip,202202101345,下閉伊郡川井村,地区外-1625307,,
03487-4004-14.zip,202202101345,下閉伊郡川井村,地区外-1625308,,
03487-4004-14.zip,202202101345,下閉伊郡川井村,地区外-1625309,,
03487-4004-14.zip,202202101345,下閉伊郡川井村,地区外-1625310,,
03487-4004-14.zip,202202101345,下閉伊郡川井村,地区外-1625311,,
03487-4004-14.zip,202202101345,下閉伊郡川井村,地区外-1625312,,
03487-4004-15.zip,202202101345,下閉伊郡川井村,地区外-1627917,,
03487-4004-15.zip,202202101345,下閉伊郡川井村,地区外-1627918,,
03487-4004-15.zip,202202101345,下閉伊郡川井村,地区外-1627919,,
03487-4004-15.zip,202202101345,下閉伊郡川井村,地区外-1627920,,
03487-4004-15.zip,202202101345,下閉伊郡川井村,地区外-1627921,,
03487-4004-15.zip,202202101345,下閉伊郡川井村,地区外-1627922,,
03487-4004-15.zip,202202101345,下閉伊郡川井村,地区外-1627923,,
03487-4004-15.zip,202202101345,下閉伊郡川井村,地区外-1627924,,
03487-4004-15.zip,202202101345,下閉伊郡川井村,地区外-1627925,,
03487-4004-15.zip,202202101345,下閉伊郡川井村,地区外-1627926,,
03487-4004-15.zip,202202101345,下閉伊郡川井村,地区外-1627927,,
03487-4004-15.zip,202202101345,下閉伊郡川井村,地区外-1627928,,
03487-4004-15.zip,202202101345,下閉伊郡川井村,地区外-1627929,,
03487-4004-15.zip,202202101345,下閉伊郡川井村,地区外-1627930,,
03487-4004-15.zip,202202101345,下閉伊郡川井村,地区外-1627931,,
03487-4004-15.zip,202202101345,下閉伊郡川井村,地区外-1627932,,
03487-4004-15.zip,202202101345,下閉伊郡川井村,地区外-1627933,,
03487-4004-15.zip,202202101345,下閉伊郡川井村,地区外-1627934,,
03487-4004-15.zip,202202101345,下閉伊郡川井村,地区外-1627935,,
03487-4004-15.zip,202202101345,下閉伊郡川井村,地区外-1627936,,
03487-4004-15.zip,202202101345,下閉伊郡川井村,地区外-1627937,,
03487-4004-15.zip,202202101345,下閉伊郡川井村,地区外-1627938,,
03487-4004-15.zip,202202101345,下閉伊郡川井村,地区外-1627939,,
03487-4004-15.zip,202202101345,下閉伊郡川井村,地区外-1627940,,
03487-4004-15.zip,202202101345,下閉伊郡川井村,地区外-1627941,,
03487-4004-15.zip,202202101345,下閉伊郡川井村,地区外-1627942,,
03487-4004-15.zip,202202101345,下閉伊郡川井村,地区外-1627943,,
03487-4004-15.zip,202202101345,下閉伊郡川井村,地区外-1627944,,
03487-4004-15.zip,202202101345,下閉伊郡川井村,地区外-1627945,,
03487-4004-15.zip,202202101345,下閉伊郡川井村,地区外-1627946,,
03487-4004-15.zip,202202101345,下閉伊郡川井村,地区外-1627947,,
03487-4004-15.zip,202202101345,下閉伊郡川井村,地区外-1627948,,
03487-4004-15.zip,202202101345,下閉伊郡川井村,地区外-1627949,,
03487-4004-15.zip,202202101345,下閉伊郡川井村,地区外-1627950,,
03487-4004-15.zip,202202101345,下閉伊郡川井村,地区外-1627951,,
03487-4004-15.zip,202202101345,下閉伊郡川井村,地区外-1627952,,
03487-4004-15.zip,202202101345,下閉伊郡川井村,地区外-1627953,,
03487-4004-15.zip,202202101345,下閉伊郡川井村,地区外-1627954,,
03487-4004-15.zip,202202101345,下閉伊郡川井村,地区外-1627955,,
03487-4004-15.zip,202202101345,下閉伊郡川井村,地区外-1627956,,
03487-4004-16.zip,202202101345,下閉伊郡川井村,地区外-1687546,,
03487-4004-16.zip,202202101345,下閉伊郡川井村,地区外-1687547,,
03487-4004-16.zip,202202101345,下閉伊郡川井村,地区外-1687548,,
03487-4004-16.zip,202202101345,下閉伊郡川井村,地区外-1687549,,
03487-4004-16.zip,202202101345,下閉伊郡川井村,地区外-1687550,,
03487-4004-16.zip,202202101345,下閉伊郡川井村,地区外-1687551,,
03487-4004-16.zip,202202101345,下閉伊郡川井村,地区外-1687552,,
03487-4004-16.zip,202202101345,下閉伊郡川井村,地区外-1687553,,
03487-4004-16.zip,202202101345,下閉伊郡川井村,地区外-1687554,,
03487-4004-16.zip,202202101345,下閉伊郡川井村,地区外-1687555,,
03487-4004-16.zip,202202101345,下閉伊郡川井村,地区外-1687556,,
03487-4004-16.zip,202202101345,下閉伊郡川井村,地区外-1687557,,
03487-4004-16.zip,202202101345,下閉伊郡川井村,地区外-1687558,,
03487-4004-16.zip,202202101345,下閉伊郡川井村,地区外-1687559,,
03487-4004-16.zip,202202101345,下閉伊郡川井村,地区外-1687560,,
03487-4004-16.zip,202202101345,下閉伊郡川井村,地区外-1687561,,
03487-4004-16.zip,202202101345,下閉伊郡川井村,地区外-1687562,,
03487-4004-16.zip,202202101345,下閉伊郡川井村,地区外-1687563,,
03487-4004-16.zip,202202101345,下閉伊郡川井村,地区外-1687564,,
03487-4004-16.zip,202202101345,下閉伊郡川井村,地区外-1687565,,
03487-4004-16.zip,202202101345,下閉伊郡川井村,地区外-1687566,,
03487-4004-16.zip,202202101345,下閉伊郡川井村,地区外-1687567,,
03487-4004-16.zip,202202101345,下閉伊郡川井村,地区外-1687568,,
03487-4004-16.zip,202202101345,下閉伊郡川井村,地区外-1687569,,
03487-4004-16.zip,202202101345,下閉伊郡川井村,地区外-1687570,,
03487-4004-16.zip,202202101345,下閉伊郡川井村,地区外-1687571,,
03487-4004-16.zip,202202101345,下閉伊郡川井村,地区外-1687572,,
03487-4004-16.zip,202202101345,下閉伊郡川井村,地区外-1687573,,
03487-4004-16.zip,202202101345,下閉伊郡川井村,地区外-1687574,,
03487-4004-17.zip,202202101345,下閉伊郡川井村,地区外-1692296,,
03487-4004-17.zip,202202101345,下閉伊郡川井村,地区外-1692297,,
03487-4004-17.zip,202202101345,下閉伊郡川井村,地区外-1692298,,
03487-4004-17.zip,202202101345,下閉伊郡川井村,地区外-1692299,,
03487-4004-17.zip,202202101345,下閉伊郡川井村,地区外-1692300,,
03487-4004-17.zip,202202101345,下閉伊郡川井村,地区外-1692301,,
03487-4004-17.zip,202202101345,下閉伊郡川井村,地区外-1692302,,
03487-4004-17.zip,202202101345,下閉伊郡川井村,地区外-1692303,,
03487-4004-17.zip,202202101345,下閉伊郡川井村,地区外-1692304,,
03487-4004-17.zip,202202101345,下閉伊郡川井村,地区外-1692305,,
03487-4004-17.zip,202202101345,下閉伊郡川井村,地区外-1692306,,
03487-4004-17.zip,202202101345,下閉伊郡川井村,地区外-1692307,,
03487-4004-17.zip,202202101345,下閉伊郡川井村,地区外-1692308,,
03487-4004-17.zip,202202101345,下閉伊郡川井村,地区外-1692309,,
03487-4004-17.zip,202202101345,下閉伊郡川井村,地区外-1692310,,
03487-4004-17.zip,202202101345,下閉伊郡川井村,地区外-1692311,,
03487-4004-17.zip,202202101345,下閉伊郡川井村,地区外-1692312,,
03487-4004-17.zip,202202101345,下閉伊郡川井村,地区外-1692313,,
03487-4004-17.zip,202202101345,下閉伊郡川井村,地区外-1692314,,
03487-4004-17.zip,202202101345,下閉伊郡川井村,地区外-1692316,,
03487-4004-17.zip,202202101345,下閉伊郡川井村,地区外-1692317,,
03487-4004-17.zip,202202101345,下閉伊郡川井村,地区外-1692318,,
03487-4004-17.zip,202202101345,下閉伊郡川井村,地区外-1692319,,
03487-4004-17.zip,202202101345,下閉伊郡川井村,地区外-1692320,,
03487-4004-17.zip,202202101345,下閉伊郡川井村,地区外-1692321,,
03487-4004-17.zip,202202101345,下閉伊郡川井村,地区外-1692322,,
03487-4004-17.zip,202202101345,下閉伊郡川井村,地区外-1692323,,
03487-4004-17.zip,202202101345,下閉伊郡川井村,地区外-1692324,,
03487-4004-17.zip,202202101345,下閉伊郡川井村,地区外-1692326,,
03487-4004-17.zip,202202101345,下閉伊郡川井村,地区外-1692327,,
03487-4004-17.zip,202202101345,下閉伊郡川井村,地区外-1692328,,
03487-4004-17.zip,202202101345,下閉伊郡川井村,地区外-1692329,,
03487-4004-17.zip,202202101345,下閉伊郡川井村,地区外-1692330,,
03487-4004-17.zip,202202101345,下閉伊郡川井村,地区外-1692331,,
03487-4004-17.zip,202202101345,下閉伊郡川井村,地区外-1692332,,
03487-4004-17.zip,202202101345,下閉伊郡川井村,地区外-1692333,,
03487-4004-17.zip,202202101345,下閉伊郡川井村,地区外-1692334,,
03487-4004-17.zip,202202101345,下閉伊郡川井村,地区外-1692335,,
03487-4004-17.zip,202202101345,下閉伊郡川井村,地区外-1692336,,
03487-4004-17.zip,202202101345,下閉伊郡川井村,地区外-1692337,,
03487-4004-17.zip,202202101345,下閉伊郡川井村,地区外-1692338,,
03487-4004-17.zip,202202101345,下閉伊郡川井村,地区外-1692339,,
03487-4004-17.zip,202202101345,下閉伊郡川井村,地区外-1692340,,
03487-4004-17.zip,202202101345,下閉伊郡川井村,地区外-1692341,,
03487-4004-17.zip,202202101345,下閉伊郡川井村,地区外-1692343,,
03487-4004-17.zip,202202101345,下閉伊郡川井村,地区外-1692344,,
03487-4004-17.zip,202202101345,下閉伊郡川井村,地区外-1692345,,
03487-4004-17.zip,202202101345,下閉伊郡川井村,地区外-1692346,,
03487-4004-17.zip,202202101345,下閉伊郡川井村,地区外-1692347,,
03487-4004-17.zip,202202101345,下閉伊郡川井村,地区外-1692348,,
03487-4004-17.zip,202202101345,下閉伊郡川井村,地区外-1692349,,
03487-4004-17.zip,202202101345,下閉伊郡川井村,地区外-1692350,,
03487-4004-17.zip,202202101345,下閉伊郡川井村,地区外-1692351,,
03487-4004-17.zip,202202101345,下閉伊郡川井村,地区外-1692352,,
03487-4004-17.zip,202202101345,下閉伊郡川井村,地区外-1692353,,
03487-4004-17.zip,202202101345,下閉伊郡川井村,地区外-1692354,,
03487-4004-17.zip,202202101345,下閉伊郡川井村,地区外-1692355,,
03487-4004-17.zip,202202101345,下閉伊郡川井村,地区外-1692356,,
03487-4004-17.zip,202202101345,下閉伊郡川井村,地区外-1692357,,
03487-4004-17.zip,202202101345,下閉伊郡川井村,地区外-1692358,,
03487-4004-17.zip,202202101345,下閉伊郡川井村,地区外-1692359,,
03487-4004-17.zip,202202101345,下閉伊郡川井村,地区外-1692360,,
03487-4004-17.zip,202202101345,下閉伊郡川井村,地区外-1692361,,
03487-4004-17.zip,202202101345,下閉伊郡川井村,地区外-1692362,,
03487-4004-17.zip,202202101345,下閉伊郡川井村,地区外-1692363,,
03487-4004-17.zip,202202101345,下閉伊郡川井村,地区外-1692364,,
03487-4004-17.zip,202202101345,下閉伊郡川井村,地区外-1692365,,
03487-4004-17.zip,202202101345,下閉伊郡川井村,地区外-1692366,,
03487-4004-17.zip,202202101345,下閉伊郡川井村,地区外-1692367,,
03487-4004-17.zip,202202101345,下閉伊郡川井村,地区外-1692368,,
03487-4004-17.zip,202202101345,下閉伊郡川井村,地区外-1692369,,
03487-4004-17.zip,202202101345,下閉伊郡川井村,地区外-1692370,,
03487-4004-17.zip,202202101345,下閉伊郡川井村,地区外-1692371,,
03487-4004-17.zip,202202101345,下閉伊郡川井村,地区外-1692372,,
03487-4004-17.zip,202202101345,下閉伊郡川井村,地区外-1692373,,
03487-4004-17.zip,202202101345,下閉伊郡川井村,地区外-1692374,,
03487-4004-17.zip,202202101345,下閉伊郡川井村,地区外-1692375,,
03487-4004-17.zip,202202101345,下閉伊郡川井村,地区外-1692376,,
03487-4004-17.zip,202202101345,下閉伊郡川井村,地区外-1692377,,
03487-4004-17.zip,202202101345,下閉伊郡川井村,地区外-1692378,,
03487-4004-17.zip,202202101345,下閉伊郡川井村,地区外-1692379,,
03487-4004-17.zip,202202101345,下閉伊郡川井村,地区外-1692380,,
03487-4004-17.zip,202202101345,下閉伊郡川井村,地区外-1692381,,
03487-4004-17.zip,202202101345,下閉伊郡川井村,地区外-1692382,,
03487-4004-17.zip,202202101345,下閉伊郡川井村,地区外-1692383,,
03487-4004-17.zip,202202101345,下閉伊郡川井村,地区外-1692384,,
03487-4004-17.zip,202202101345,下閉伊郡川井村,地区外-1692385,,
03487-4004-17.zip,202202101345,下閉伊郡川井村,地区外-1692386,,
03487-4004-17.zip,202202101345,下閉伊郡川井村,地区外-1692387,,
03487-4004-17.zip,202202101345,下閉伊郡川井村,地区外-1692388,,
03487-4004-17.zip,202202101345,下閉伊郡川井村,地区外-1692389,,
03487-4004-17.zip,202202101345,下閉伊郡川井村,地区外-1692390,,
03487-4004-17.zip,202202101345,下閉伊郡川井村,地区外-1692391,,
03487-4004-17.zip,202202101345,下閉伊郡川井村,地区外-1692392,,
03487-4004-17.zip,202202101345,下閉伊郡川井村,地区外-1692393,,
03487-4004-17.zip,202202101345,下閉伊郡川井村,地区外-1692394,,
03487-4004-17.zip,202202101345,下閉伊郡川井村,地区外-1692395,,
03487-4004-17.zip,202202101345,下閉伊郡川井村,地区外-1692396,,
03487-4004-17.zip,202202101345,下閉伊郡川井村,地区外-1692397,,
03487-4004-17.zip,202202101345,下閉伊郡川井村,地区外-1692399,,
03487-4004-17.zip,202202101345,下閉伊郡川井村,地区外-1692400,,
03487-4004-17.zip,202202101345,下閉伊郡川井村,地区外-1692401,,
03487-4004-17.zip,202202101345,下閉伊郡川井村,地区外-1692402,,
03487-4004-17.zip,202202101345,下閉伊郡川井村,地区外-1692403,,
03487-4004-17.zip,202202101345,下閉伊郡川井村,地区外-1692404,,
03487-4004-17.zip,202202101345,下閉伊郡川井村,地区外-1692405,,
03487-4004-17.zip,202202101345,下閉伊郡川井村,地区外-1692406,,
03487-4004-17.zip,202202101345,下閉伊郡川井村,地区外-1692407,,
03487-4004-17.zip,202202101345,下閉伊郡川井村,地区外-1692408,,
03487-4004-17.zip,202202101345,下閉伊郡川井村,地区外-1692409,,
03487-4004-17.zip,202202101345,下閉伊郡川井村,地区外-1692410,,
03487-4004-17.zip,202202101345,下閉伊郡川井村,地区外-1692412,,
03487-4004-17.zip,202202101345,下閉伊郡川井村,地区外-1692413,,
03487-4004-17.zip,202202101345,下閉伊郡川井村,地区外-1692414,,
03487-4004-17.zip,202202101345,下閉伊郡川井村,地区外-1692415,,
03487-4004-17.zip,202202101345,下閉伊郡川井村,地区外-1692416,,
03487-4004-17.zip,202202101345,下閉伊郡川井村,地区外-1692417,,
03487-4004-17.zip,202202101345,下閉伊郡川井村,地区外-1692418,,
03487-4004-17.zip,202202101345,下閉伊郡川井村,地区外-1692419,,
03487-4004-17.zip,202202101345,下閉伊郡川井村,地区外-1692420,,
03487-4004-17.zip,202202101345,下閉伊郡川井村,地区外-1692421,,
03487-4004-17.zip,202202101345,下閉伊郡川井村,地区外-1692422,,
03487-4004-17.zip,202202101345,下閉伊郡川井村,地区外-1692423,,
03487-4004-17.zip,202202101345,下閉伊郡川井村,地区外-1692424,,
03487-4004-17.zip,202202101345,下閉伊郡川井村,地区外-1692425,,
03487-4004-17.zip,202202101345,下閉伊郡川井村,地区外-1692426,,
03487-4004-17.zip,202202101345,下閉伊郡川井村,地区外-1692427,,
03487-4004-17.zip,202202101345,下閉伊郡川井村,地区外-1692428,,
03487-4004-17.zip,202202101345,下閉伊郡川井村,地区外-1692429,,
03487-4004-17.zip,202202101345,下閉伊郡川井村,地区外-1692430,,
03487-4004-17.zip,202202101345,下閉伊郡川井村,地区外-1692431,,
03487-4004-17.zip,202202101345,下閉伊郡川井村,地区外-1692432,,
03487-4004-17.zip,202202101345,下閉伊郡川井村,地区外-1692433,,
03487-4004-17.zip,202202101345,下閉伊郡川井村,地区外-1692434,,
03487-4004-17.zip,202202101345,下閉伊郡川井村,地区外-1692435,,
03487-4004-17.zip,202202101345,下閉伊郡川井村,地区外-1692436,,
03487-4004-17.zip,202202101345,下閉伊郡川井村,地区外-1692437,,
03487-4004-17.zip,202202101345,下閉伊郡川井村,地区外-1692438,,
03487-4004-17.zip,202202101345,下閉伊郡川井村,地区外-1692439,,
03487-4004-17.zip,202202101345,下閉伊郡川井村,地区外-1692440,,
03487-4004-17.zip,202202101345,下閉伊郡川井村,地区外-1692441,,
03487-4004-17.zip,202202101345,下閉伊郡川井村,地区外-1692398,,
03487-4004-17.zip,202202101345,下閉伊郡川井村,地区外-1692325,,
03487-4004-17.zip,202202101345,下閉伊郡川井村,地区外-1692342,,
03487-4004-17.zip,202202101345,下閉伊郡川井村,地区外-1692315,,
03487-4004-17.zip,202202101345,下閉伊郡川井村,地区外-1692411,,
03487-4004-18.zip,202202101345,下閉伊郡川井村,地区外-1769042,,
03487-4004-18.zip,202202101345,下閉伊郡川井村,地区外-1769043,,
03487-4004-18.zip,202202101345,下閉伊郡川井村,地区外-1769044,,
03487-4004-18.zip,202202101345,下閉伊郡川井村,地区外-1769045,,
03487-4004-18.zip,202202101345,下閉伊郡川井村,地区外-1769046,,
03487-4004-18.zip,202202101345,下閉伊郡川井村,地区外-1769047,,
03487-4004-18.zip,202202101345,下閉伊郡川井村,地区外-1769048,,
03487-4004-18.zip,202202101345,下閉伊郡川井村,地区外-1769049,,
03487-4004-18.zip,202202101345,下閉伊郡川井村,地区外-1769050,,
03487-4004-18.zip,202202101345,下閉伊郡川井村,地区外-1769051,,
03487-4004-18.zip,202202101345,下閉伊郡川井村,地区外-1769052,,
03487-4004-18.zip,202202101345,下閉伊郡川井村,地区外-1769053,,
03487-4004-19.zip,202202101345,下閉伊郡川井村,地区外-1771669,,
03487-4004-19.zip,202202101345,下閉伊郡川井村,地区外-1771671,,
03487-4004-19.zip,202202101345,下閉伊郡川井村,地区外-1771672,,
03487-4004-19.zip,202202101345,下閉伊郡川井村,地区外-1771673,,
03487-4004-19.zip,202202101345,下閉伊郡川井村,地区外-1771674,,
03487-4004-19.zip,202202101345,下閉伊郡川井村,地区外-1771675,,
03487-4004-19.zip,202202101345,下閉伊郡川井村,地区外-1771676,,
03487-4004-19.zip,202202101345,下閉伊郡川井村,地区外-1771677,,
03487-4004-19.zip,202202101345,下閉伊郡川井村,地区外-1771678,,
03487-4004-19.zip,202202101345,下閉伊郡川井村,地区外-1771679,,
03487-4004-19.zip,202202101345,下閉伊郡川井村,地区外-1771680,,
03487-4004-19.zip,202202101345,下閉伊郡川井村,地区外-1771681,,
03487-4004-19.zip,202202101345,下閉伊郡川井村,地区外-1771682,,
03487-4004-19.zip,202202101345,下閉伊郡川井村,地区外-1771683,,
03487-4004-19.zip,202202101345,下閉伊郡川井村,地区外-1771684,,
03487-4004-19.zip,202202101345,下閉伊郡川井村,地区外-1771685,,
03487-4004-19.zip,202202101345,下閉伊郡川井村,地区外-1771686,,
03487-4004-19.zip,202202101345,下閉伊郡川井村,地区外-1771687,,
03487-4004-19.zip,202202101345,下閉伊郡川井村,地区外-1771688,,
03487-4004-19.zip,202202101345,下閉伊郡川井村,地区外-1771689,,
03487-4004-19.zip,202202101345,下閉伊郡川井村,地区外-1771690,,
03487-4004-19.zip,202202101345,下閉伊郡川井村,地区外-1771691,,
03487-4004-19.zip,202202101345,下閉伊郡川井村,地区外-1771692,,
03487-4004-19.zip,202202101345,下閉伊郡川井村,地区外-1771693,,
03487-4004-19.zip,202202101345,下閉伊郡川井村,地区外-1771694,,
03487-4004-19.zip,202202101345,下閉伊郡川井村,地区外-1771695,,
03487-4004-19.zip,202202101345,下閉伊郡川井村,地区外-1771696,,
03487-4004-19.zip,202202101345,下閉伊郡川井村,地区外-1771697,,
03487-4004-19.zip,202202101345,下閉伊郡川井村,地区外-1771698,,
03487-4004-19.zip,202202101345,下閉伊郡川井村,地区外-1771699,,
03487-4004-19.zip,202202101345,下閉伊郡川井村,地区外-1771700,,
03487-4004-19.zip,202202101345,下閉伊郡川井村,地区外-1771701,,
03487-4004-19.zip,202202101345,下閉伊郡川井村,地区外-1771702,,
03487-4004-19.zip,202202101345,下閉伊郡川井村,地区外-1771703,,
03487-4004-19.zip,202202101345,下閉伊郡川井村,地区外-1771704,,
03487-4004-19.zip,202202101345,下閉伊郡川井村,地区外-1771670,,
03487-4004-20.zip,202202101345,下閉伊郡川井村,地区外-1833673,,
03487-4004-20.zip,202202101345,下閉伊郡川井村,地区外-1833675,,
03487-4004-20.zip,202202101345,下閉伊郡川井村,地区外-1833676,,
03487-4004-20.zip,202202101345,下閉伊郡川井村,地区外-1833677,,
03487-4004-20.zip,202202101345,下閉伊郡川井村,地区外-1833678,,
03487-4004-20.zip,202202101345,下閉伊郡川井村,地区外-1833679,,
03487-4004-20.zip,202202101345,下閉伊郡川井村,地区外-1833680,,
03487-4004-20.zip,202202101345,下閉伊郡川井村,地区外-1833681,,
03487-4004-20.zip,202202101345,下閉伊郡川井村,地区外-1833682,,
03487-4004-20.zip,202202101345,下閉伊郡川井村,地区外-1833683,,
03487-4004-20.zip,202202101345,下閉伊郡川井村,地区外-1833684,,
03487-4004-20.zip,202202101345,下閉伊郡川井村,地区外-1833685,,
03487-4004-20.zip,202202101345,下閉伊郡川井村,地区外-1833674,,
03487-4004-21.zip,202202101345,下閉伊郡川井村,地区外-1836193,,
03487-4004-21.zip,202202101345,下閉伊郡川井村,地区外-1836194,,
03487-4004-21.zip,202202101345,下閉伊郡川井村,地区外-1836195,,
03487-4004-21.zip,202202101345,下閉伊郡川井村,地区外-1836196,,
03487-4004-21.zip,202202101345,下閉伊郡川井村,地区外-1836197,,
03487-4004-21.zip,202202101345,下閉伊郡川井村,地区外-1836198,,
03487-4004-21.zip,202202101345,下閉伊郡川井村,地区外-1836199,,
03487-4004-21.zip,202202101345,下閉伊郡川井村,地区外-1836200,,
03487-4004-21.zip,202202101345,下閉伊郡川井村,地区外-1836201,,
03487-4004-21.zip,202202101345,下閉伊郡川井村,地区外-1836202,,
03487-4004-21.zip,202202101345,下閉伊郡川井村,地区外-1836203,,
03487-4004-21.zip,202202101345,下閉伊郡川井村,地区外-1836204,,
03487-4004-21.zip,202202101345,下閉伊郡川井村,地区外-1836205,,
03487-4004-21.zip,202202101345,下閉伊郡川井村,地区外-1836206,,
03487-4004-21.zip,202202101345,下閉伊郡川井村,地区外-1836207,,
03487-4004-21.zip,202202101345,下閉伊郡川井村,地区外-1836208,,
03487-4004-21.zip,202202101345,下閉伊郡川井村,地区外-1836211,,
03487-4004-21.zip,202202101345,下閉伊郡川井村,地区外-1836212,,
03487-4004-21.zip,202202101345,下閉伊郡川井村,地区外-1836213,,
03487-4004-21.zip,202202101345,下閉伊郡川井村,地区外-1836214,,
03487-4004-21.zip,202202101345,下閉伊郡川井村,地区外-1836215,,
03487-4004-21.zip,202202101345,下閉伊郡川井村,地区外-1836216,,
03487-4004-21.zip,202202101345,下閉伊郡川井村,地区外-1836217,,
03487-4004-21.zip,202202101345,下閉伊郡川井村,地区外-1836218,,
03487-4004-21.zip,202202101345,下閉伊郡川井村,地区外-1836219,,
03487-4004-21.zip,202202101345,下閉伊郡川井村,地区外-1836220,,
03487-4004-21.zip,202202101345,下閉伊郡川井村,地区外-1836221,,
03487-4004-21.zip,202202101345,下閉伊郡川井村,地区外-1836222,,
03487-4004-21.zip,202202101345,下閉伊郡川井村,地区外-1836223,,
03487-4004-21.zip,202202101345,下閉伊郡川井村,地区外-1836224,,
03487-4004-21.zip,202202101345,下閉伊郡川井村,地区外-1836225,,
03487-4004-21.zip,202202101345,下閉伊郡川井村,地区外-1836226,,
03487-4004-21.zip,202202101345,下閉伊郡川井村,地区外-1836227,,
03487-4004-21.zip,202202101345,下閉伊郡川井村,地区外-1836229,,
03487-4004-21.zip,202202101345,下閉伊郡川井村,地区外-1836230,,
03487-4004-21.zip,202202101345,下閉伊郡川井村,地区外-1836231,,
03487-4004-21.zip,202202101345,下閉伊郡川井村,地区外-1836232,,
03487-4004-21.zip,202202101345,下閉伊郡川井村,地区外-1836233,,
03487-4004-21.zip,202202101345,下閉伊郡川井村,地区外-1836234,,
03487-4004-21.zip,202202101345,下閉伊郡川井村,地区外-1836235,,
03487-4004-21.zip,202202101345,下閉伊郡川井村,地区外-1836236,,
03487-4004-21.zip,202202101345,下閉伊郡川井村,地区外-1836237,,
03487-4004-21.zip,202202101345,下閉伊郡川井村,地区外-1836238,,
03487-4004-21.zip,202202101345,下閉伊郡川井村,地区外-1836210,,
03487-4004-21.zip,202202101345,下閉伊郡川井村,地区外-1836209,,
03487-4004-21.zip,202202101345,下閉伊郡川井村,地区外-1836228,,
03487-4004-22.zip,202202101345,下閉伊郡川井村,地区外-1924830,,
03487-4004-22.zip,202202101345,下閉伊郡川井村,地区外-1924831,,
03487-4004-22.zip,202202101345,下閉伊郡川井村,地区外-1924832,,
03487-4004-22.zip,202202101345,下閉伊郡川井村,地区外-1924833,,
03487-4004-22.zip,202202101345,下閉伊郡川井村,地区外-1924834,,
03487-4004-22.zip,202202101345,下閉伊郡川井村,地区外-1924835,,
03487-4004-22.zip,202202101345,下閉伊郡川井村,地区外-1924836,,
03487-4004-22.zip,202202101345,下閉伊郡川井村,地区外-1924837,,
03487-4004-22.zip,202202101345,下閉伊郡川井村,地区外-1924838,,
03487-4004-22.zip,202202101345,下閉伊郡川井村,地区外-1924839,,
03487-4004-22.zip,202202101345,下閉伊郡川井村,地区外-1924840,,
03487-4004-22.zip,202202101345,下閉伊郡川井村,地区外-1924841,,
03487-4004-22.zip,202202101345,下閉伊郡川井村,地区外-1924842,,
03487-4004-22.zip,202202101345,下閉伊郡川井村,地区外-1924843,,
03487-4004-22.zip,202202101345,下閉伊郡川井村,地区外-1924844,,
03487-4004-22.zip,202202101345,下閉伊郡川井村,地区外-1924845,,
03487-4004-22.zip,202202101345,下閉伊郡川井村,地区外-1924846,,
03487-4004-22.zip,202202101345,下閉伊郡川井村,地区外-1924847,,
03487-4004-22.zip,202202101345,下閉伊郡川井村,地区外-1924848,,
03487-4004-22.zip,202202101345,下閉伊郡川井村,地区外-1924849,,
03487-4004-22.zip,202202101345,下閉伊郡川井村,地区外-1924850,,
03487-4004-22.zip,202202101345,下閉伊郡川井村,地区外-1924851,,
03487-4004-22.zip,202202101345,下閉伊郡川井村,地区外-1924852,,
03487-4004-22.zip,202202101345,下閉伊郡川井村,地区外-1924853,,
03487-4004-22.zip,202202101345,下閉伊郡川井村,地区外-1924855,,
03487-4004-22.zip,202202101345,下閉伊郡川井村,地区外-1924856,,
03487-4004-22.zip,202202101345,下閉伊郡川井村,地区外-1924857,,
03487-4004-22.zip,202202101345,下閉伊郡川井村,地区外-1924858,,
03487-4004-22.zip,202202101345,下閉伊郡川井村,地区外-1924859,,
03487-4004-22.zip,202202101345,下閉伊郡川井村,地区外-1924860,,
03487-4004-22.zip,202202101345,下閉伊郡川井村,地区外-1924861,,
03487-4004-22.zip,202202101345,下閉伊郡川井村,地区外-1924854,,
03487-4004-23.zip,202202101345,下閉伊郡川井村,地区外-1930155,,
03487-4004-23.zip,202202101345,下閉伊郡川井村,地区外-1930156,,
03487-4004-23.zip,202202101345,下閉伊郡川井村,地区外-1930157,,
03487-4004-23.zip,202202101345,下閉伊郡川井村,地区外-1930158,,
03487-4004-23.zip,202202101345,下閉伊郡川井村,地区外-1930159,,
03487-4004-23.zip,202202101345,下閉伊郡川井村,地区外-1930160,,
03487-4004-23.zip,202202101345,下閉伊郡川井村,地区外-1930161,,
03487-4004-23.zip,202202101345,下閉伊郡川井村,地区外-1930162,,
03487-4004-23.zip,202202101345,下閉伊郡川井村,地区外-1930163,,
03487-4004-23.zip,202202101345,下閉伊郡川井村,地区外-1930164,,
03487-4004-23.zip,202202101345,下閉伊郡川井村,地区外-1930165,,
03487-4004-23.zip,202202101345,下閉伊郡川井村,地区外-1930166,,
03487-4004-23.zip,202202101345,下閉伊郡川井村,地区外-1930167,,
03487-4004-23.zip,202202101345,下閉伊郡川井村,地区外-1930168,,
03487-4004-23.zip,202202101345,下閉伊郡川井村,地区外-1930169,,
03487-4004-23.zip,202202101345,下閉伊郡川井村,地区外-1930170,,
03487-4004-23.zip,202202101345,下閉伊郡川井村,地区外-1930171,,
03487-4004-23.zip,202202101345,下閉伊郡川井村,地区外-1930172,,
03487-4004-23.zip,202202101345,下閉伊郡川井村,地区外-1930173,,
03487-4004-23.zip,202202101345,下閉伊郡川井村,地区外-1930174,,
03487-4004-23.zip,202202101345,下閉伊郡川井村,地区外-1930175,,
03487-4004-23.zip,202202101345,下閉伊郡川井村,地区外-1930176,,
03487-4004-23.zip,202202101345,下閉伊郡川井村,地区外-1930177,,
03487-4004-23.zip,202202101345,下閉伊郡川井村,地区外-1930178,,
03487-4004-23.zip,202202101345,下閉伊郡川井村,地区外-1930179,,
03487-4004-23.zip,202202101345,下閉伊郡川井村,地区外-1930180,,
03487-4004-23.zip,202202101345,下閉伊郡川井村,地区外-1930181,,
03487-4004-23.zip,202202101345,下閉伊郡川井村,地区外-1930182,,
03487-4004-23.zip,202202101345,下閉伊郡川井村,地区外-1930183,,
03487-4004-23.zip,202202101345,下閉伊郡川井村,地区外-1930184,,
03487-4004-23.zip,202202101345,下閉伊郡川井村,地区外-1930185,,
03487-4004-23.zip,202202101345,下閉伊郡川井村,地区外-1930186,,
03487-4004-23.zip,202202101345,下閉伊郡川井村,地区外-1930187,,
03487-4004-23.zip,202202101345,下閉伊郡川井村,地区外-1930188,,
03487-4004-23.zip,202202101345,下閉伊郡川井村,地区外-1930189,,
03487-4004-23.zip,202202101345,下閉伊郡川井村,地区外-1930190,,
03487-4004-23.zip,202202101345,下閉伊郡川井村,地区外-1930191,,
03487-4004-23.zip,202202101345,下閉伊郡川井村,地区外-1930192,,
03487-4004-23.zip,202202101345,下閉伊郡川井村,地区外-1930193,,
03487-4004-23.zip,202202101345,下閉伊郡川井村,地区外-1930194,,
03487-4004-23.zip,202202101345,下閉伊郡川井村,地区外-1930195,,
03487-4004-23.zip,202202101345,下閉伊郡川井村,地区外-1930196,,
03487-4004-23.zip,202202101345,下閉伊郡川井村,地区外-1930197,,
03487-4004-23.zip,202202101345,下閉伊郡川井村,地区外-1930198,,
03487-4004-23.zip,202202101345,下閉伊郡川井村,地区外-1930199,,
03487-4004-23.zip,202202101345,下閉伊郡川井村,地区外-1930200,,
03487-4004-23.zip,202202101345,下閉伊郡川井村,地区外-1930201,,
03487-4004-23.zip,202202101345,下閉伊郡川井村,地区外-1930202,,
03487-4004-23.zip,202202101345,下閉伊郡川井村,地区外-1930203,,
03487-4004-23.zip,202202101345,下閉伊郡川井村,地区外-1930204,,
03487-4004-23.zip,202202101345,下閉伊郡川井村,地区外-1930205,,
03487-4004-23.zip,202202101345,下閉伊郡川井村,地区外-1930206,,
03487-4004-23.zip,202202101345,下閉伊郡川井村,地区外-1930207,,
03487-4004-23.zip,202202101345,下閉伊郡川井村,地区外-1930208,,
03487-4004-23.zip,202202101345,下閉伊郡川井村,地区外-1930209,,
03487-4004-23.zip,202202101345,下閉伊郡川井村,地区外-1930210,,
03487-4004-23.zip,202202101345,下閉伊郡川井村,地区外-1930211,,
03487-4004-23.zip,202202101345,下閉伊郡川井村,地区外-1930212,,
03487-4004-23.zip,202202101345,下閉伊郡川井村,地区外-1930214,,
03487-4004-23.zip,202202101345,下閉伊郡川井村,地区外-1930215,,
03487-4004-23.zip,202202101345,下閉伊郡川井村,地区外-1930216,,
03487-4004-23.zip,202202101345,下閉伊郡川井村,地区外-1930217,,
03487-4004-23.zip,202202101345,下閉伊郡川井村,地区外-1930218,,
03487-4004-23.zip,202202101345,下閉伊郡川井村,地区外-1930219,,
03487-4004-23.zip,202202101345,下閉伊郡川井村,地区外-1930220,,
03487-4004-23.zip,202202101345,下閉伊郡川井村,地区外-1930221,,
03487-4004-23.zip,202202101345,下閉伊郡川井村,地区外-1930222,,
03487-4004-23.zip,202202101345,下閉伊郡川井村,地区外-1930223,,
03487-4004-23.zip,202202101345,下閉伊郡川井村,地区外-1930224,,
03487-4004-23.zip,202202101345,下閉伊郡川井村,地区外-1930225,,
03487-4004-23.zip,202202101345,下閉伊郡川井村,地区外-1930226,,
03487-4004-23.zip,202202101345,下閉伊郡川井村,地区外-1930227,,
03487-4004-23.zip,202202101345,下閉伊郡川井村,地区外-1930228,,
03487-4004-23.zip,202202101345,下閉伊郡川井村,地区外-1930229,,
03487-4004-23.zip,202202101345,下閉伊郡川井村,地区外-1930230,,
03487-4004-23.zip,202202101345,下閉伊郡川井村,地区外-1930231,,
03487-4004-23.zip,202202101345,下閉伊郡川井村,地区外-1930232,,
03487-4004-23.zip,202202101345,下閉伊郡川井村,地区外-1930233,,
03487-4004-23.zip,202202101345,下閉伊郡川井村,地区外-1930234,,
03487-4004-23.zip,202202101345,下閉伊郡川井村,地区外-1930235,,
03487-4004-23.zip,202202101345,下閉伊郡川井村,地区外-1930236,,
03487-4004-23.zip,202202101345,下閉伊郡川井村,地区外-1930237,,
03487-4004-23.zip,202202101345,下閉伊郡川井村,地区外-1930238,,
03487-4004-23.zip,202202101345,下閉伊郡川井村,地区外-1930239,,
03487-4004-23.zip,202202101345,下閉伊郡川井村,地区外-1930213,,
03487-4004-24.zip,202202101345,下閉伊郡川井村,地区外-2024117,,
03487-4004-24.zip,202202101345,下閉伊郡川井村,地区外-2024118,,
03487-4004-24.zip,202202101345,下閉伊郡川井村,地区外-2024119,,
03487-4004-24.zip,202202101345,下閉伊郡川井村,地区外-2024120,,
03487-4004-24.zip,202202101345,下閉伊郡川井村,地区外-2024121,,
03487-4004-24.zip,202202101345,下閉伊郡川井村,地区外-2024122,,
03487-4004-24.zip,202202101345,下閉伊郡川井村,地区外-2024123,,
03487-4004-24.zip,202202101345,下閉伊郡川井村,地区外-2024124,,
03487-4004-24.zip,202202101345,下閉伊郡川井村,地区外-2024125,,
03487-4004-24.zip,202202101345,下閉伊郡川井村,地区外-2024126,,
03487-4004-24.zip,202202101345,下閉伊郡川井村,地区外-2024127,,
03487-4004-24.zip,202202101345,下閉伊郡川井村,地区外-2024128,,
03487-4004-24.zip,202202101345,下閉伊郡川井村,地区外-2024129,,
03487-4004-24.zip,202202101345,下閉伊郡川井村,地区外-2024130,,
03487-4004-24.zip,202202101345,下閉伊郡川井村,地区外-2024131,,
03487-4004-24.zip,202202101345,下閉伊郡川井村,地区外-2024132,,
03487-4004-24.zip,202202101345,下閉伊郡川井村,地区外-2024133,,
03487-4004-24.zip,202202101345,下閉伊郡川井村,地区外-2024134,,
03487-4004-24.zip,202202101345,下閉伊郡川井村,地区外-2024135,,
03487-4004-24.zip,202202101345,下閉伊郡川井村,地区外-2024136,,
03487-4004-24.zip,202202101345,下閉伊郡川井村,地区外-2024137,,
03487-4004-24.zip,202202101345,下閉伊郡川井村,地区外-2024138,,
03487-4004-24.zip,202202101345,下閉伊郡川井村,地区外-2024139,,
03487-4004-24.zip,202202101345,下閉伊郡川井村,地区外-2024140,,
03487-4004-24.zip,202202101345,下閉伊郡川井村,地区外-2024141,,
03487-4004-24.zip,202202101345,下閉伊郡川井村,地区外-2024142,,
03487-4004-24.zip,202202101345,下閉伊郡川井村,地区外-2024143,,
03487-4004-24.zip,202202101345,下閉伊郡川井村,地区外-2024144,,
03487-4004-24.zip,202202101345,下閉伊郡川井村,地区外-2024145,,
03487-4004-24.zip,202202101345,下閉伊郡川井村,地区外-2024146,,
03487-4004-25.zip,202202101345,下閉伊郡川井村,地区外-2109285,,
03487-4004-25.zip,202202101345,下閉伊郡川井村,地区外-2109286,,
03487-4004-25.zip,202202101345,下閉伊郡川井村,地区外-2109287,,
03487-4004-25.zip,202202101345,下閉伊郡川井村,地区外-2109288,,
03487-4004-25.zip,202202101345,下閉伊郡川井村,地区外-2109289,,
03487-4004-25.zip,202202101345,下閉伊郡川井村,地区外-2109290,,
03487-4004-25.zip,202202101345,下閉伊郡川井村,地区外-2109291,,
03487-4004-25.zip,202202101345,下閉伊郡川井村,地区外-2109292,,
03487-4004-25.zip,202202101345,下閉伊郡川井村,地区外-2109293,,
03487-4004-25.zip,202202101345,下閉伊郡川井村,地区外-2109294,,
03487-4004-25.zip,202202101345,下閉伊郡川井村,地区外-2109295,,
03487-4004-25.zip,202202101345,下閉伊郡川井村,地区外-2109296,,
03487-4004-25.zip,202202101345,下閉伊郡川井村,地区外-2109297,,
03487-4004-25.zip,202202101345,下閉伊郡川井村,地区外-2109298,,
03487-4004-25.zip,202202101345,下閉伊郡川井村,地区外-2109299,,
03487-4004-25.zip,202202101345,下閉伊郡川井村,地区外-2109300,,
03487-4004-25.zip,202202101345,下閉伊郡川井村,地区外-2109301,,
03487-4004-25.zip,202202101345,下閉伊郡川井村,地区外-2109302,,
03487-4004-25.zip,202202101345,下閉伊郡川井村,地区外-2109303,,
03487-4004-25.zip,202202101345,下閉伊郡川井村,地区外-2109304,,
03487-4004-25.zip,202202101345,下閉伊郡川井村,地区外-2109305,,
03487-4004-25.zip,202202101345,下閉伊郡川井村,地区外-2109306,,
03487-4004-25.zip,202202101345,下閉伊郡川井村,地区外-2109307,,
03487-4004-25.zip,202202101345,下閉伊郡川井村,地区外-2109308,,
03487-4004-25.zip,202202101345,下閉伊郡川井村,地区外-2109309,,
03487-4004-25.zip,202202101345,下閉伊郡川井村,地区外-2109310,,
03487-4004-25.zip,202202101345,下閉伊郡川井村,地区外-2109311,,
03487-4004-25.zip,202202101345,下閉伊郡川井村,地区外-2109312,,
03487-4004-25.zip,202202101345,下閉伊郡川井村,地区外-2109313,,
03487-4004-25.zip,202202101345,下閉伊郡川井村,地区外-2109314,,
03487-4004-25.zip,202202101345,下閉伊郡川井村,地区外-2109315,,
03487-4004-25.zip,202202101345,下閉伊郡川井村,地区外-2109316,,
03487-4004-25.zip,202202101345,下閉伊郡川井村,地区外-2109317,,
03487-4004-25.zip,202202101345,下閉伊郡川井村,地区外-2109318,,
03487-4004-25.zip,202202101345,下閉伊郡川井村,地区外-2109319,,
03487-4004-26.zip,202202101345,下閉伊郡川井村,地区外-2115185,,
03487-4004-26.zip,202202101345,下閉伊郡川井村,地区外-2115186,,
03487-4004-26.zip,202202101345,下閉伊郡川井村,地区外-2115187,,
03487-4004-26.zip,202202101345,下閉伊郡川井村,地区外-2115188,,
03487-4004-26.zip,202202101345,下閉伊郡川井村,地区外-2115189,,
03487-4004-26.zip,202202101345,下閉伊郡川井村,地区外-2115190,,
03487-4004-26.zip,202202101345,下閉伊郡川井村,地区外-2115191,,
03487-4004-26.zip,202202101345,下閉伊郡川井村,地区外-2115192,,
03487-4004-26.zip,202202101345,下閉伊郡川井村,地区外-2115193,,
03487-4004-26.zip,202202101345,下閉伊郡川井村,地区外-2115194,,
03487-4004-26.zip,202202101345,下閉伊郡川井村,地区外-2115195,,
03487-4004-26.zip,202202101345,下閉伊郡川井村,地区外-2115196,,
03487-4004-26.zip,202202101345,下閉伊郡川井村,地区外-2115197,,
03487-4004-26.zip,202202101345,下閉伊郡川井村,地区外-2115198,,
03487-4004-26.zip,202202101345,下閉伊郡川井村,地区外-2115199,,
03487-4004-26.zip,202202101345,下閉伊郡川井村,地区外-2115200,,
03487-4004-26.zip,202202101345,下閉伊郡川井村,地区外-2115201,,
03487-4004-26.zip,202202101345,下閉伊郡川井村,地区外-2115202,,
03487-4004-26.zip,202202101345,下閉伊郡川井村,地区外-2115203,,
03487-4004-26.zip,202202101345,下閉伊郡川井村,地区外-2115204,,
03487-4004-26.zip,202202101345,下閉伊郡川井村,地区外-2115205,,
03487-4004-26.zip,202202101345,下閉伊郡川井村,地区外-2115206,,
03487-4004-26.zip,202202101345,下閉伊郡川井村,地区外-2115207,,
03487-4004-26.zip,202202101345,下閉伊郡川井村,地区外-2115208,,
03487-4004-26.zip,202202101345,下閉伊郡川井村,地区外-2115209,,
03487-4004-26.zip,202202101345,下閉伊郡川井村,地区外-2115210,,
03487-4004-26.zip,202202101345,下閉伊郡川井村,地区外-2115211,,
03487-4004-26.zip,202202101345,下閉伊郡川井村,地区外-2115212,,
03487-4004-26.zip,202202101345,下閉伊郡川井村,地区外-2115213,,
03487-4004-26.zip,202202101345,下閉伊郡川井村,地区外-2115214,,
03487-4004-26.zip,202202101345,下閉伊郡川井村,地区外-2115215,,
03487-4004-26.zip,202202101345,下閉伊郡川井村,地区外-2115216,,
03487-4004-26.zip,202202101345,下閉伊郡川井村,地区外-2115217,,
03487-4004-26.zip,202202101345,下閉伊郡川井村,地区外-2115218,,
03487-4004-26.zip,202202101345,下閉伊郡川井村,地区外-2115219,,
03487-4004-26.zip,202202101345,下閉伊郡川井村,地区外-2115220,,
03487-4004-26.zip,202202101345,下閉伊郡川井村,地区外-2115221,,
03487-4004-26.zip,202202101345,下閉伊郡川井村,地区外-2115222,,
03487-4004-26.zip,202202101345,下閉伊郡川井村,地区外-2115223,,
03487-4004-26.zip,202202101345,下閉伊郡川井村,地区外-2115224,,
03487-4004-26.zip,202202101345,下閉伊郡川井村,地区外-2115225,,
03487-4004-26.zip,202202101345,下閉伊郡川井村,地区外-2115226,,
03487-4004-26.zip,202202101345,下閉伊郡川井村,地区外-2115227,,
03487-4004-26.zip,202202101345,下閉伊郡川井村,地区外-2115228,,
03487-4004-26.zip,202202101345,下閉伊郡川井村,地区外-2115229,,
03487-4004-26.zip,202202101345,下閉伊郡川井村,地区外-2115230,,
03487-4004-26.zip,202202101345,下閉伊郡川井村,地区外-2115231,,
03487-4004-26.zip,202202101345,下閉伊郡川井村,地区外-2115232,,
03487-4004-26.zip,202202101345,下閉伊郡川井村,地区外-2115233,,
03487-4004-26.zip,202202101345,下閉伊郡川井村,地区外-2115234,,
03487-4004-26.zip,202202101345,下閉伊郡川井村,地区外-2115235,,
03487-4004-26.zip,202202101345,下閉伊郡川井村,地区外-2115236,,
03487-4004-26.zip,202202101345,下閉伊郡川井村,地区外-2115237,,
03487-4004-26.zip,202202101345,下閉伊郡川井村,地区外-2115238,,
03487-4004-26.zip,202202101345,下閉伊郡川井村,地区外-2115239,,
03487-4004-26.zip,202202101345,下閉伊郡川井村,地区外-2115240,,
03487-4004-26.zip,202202101345,下閉伊郡川井村,地区外-2115241,,
03487-4004-26.zip,202202101345,下閉伊郡川井村,地区外-2115242,,
03487-4004-26.zip,202202101345,下閉伊郡川井村,地区外-2115243,,
03487-4004-27.zip,202202101345,下閉伊郡川井村,地区外-2151191,,
03487-4004-27.zip,202202101345,下閉伊郡川井村,地区外-2151192,,
03487-4004-27.zip,202202101345,下閉伊郡川井村,地区外-2151193,,
03487-4004-27.zip,202202101345,下閉伊郡川井村,地区外-2151194,,
03487-4004-27.zip,202202101345,下閉伊郡川井村,地区外-2151195,,
03487-4004-27.zip,202202101345,下閉伊郡川井村,地区外-2151196,,
03487-4004-27.zip,202202101345,下閉伊郡川井村,地区外-2151198,,
03487-4004-27.zip,202202101345,下閉伊郡川井村,地区外-2151199,,
03487-4004-27.zip,202202101345,下閉伊郡川井村,地区外-2151200,,
03487-4004-27.zip,202202101345,下閉伊郡川井村,地区外-2151202,,
03487-4004-27.zip,202202101345,下閉伊郡川井村,地区外-2151203,,
03487-4004-27.zip,202202101345,下閉伊郡川井村,地区外-2151204,,
03487-4004-27.zip,202202101345,下閉伊郡川井村,地区外-2151205,,
03487-4004-27.zip,202202101345,下閉伊郡川井村,地区外-2151206,,
03487-4004-27.zip,202202101345,下閉伊郡川井村,地区外-2151207,,
03487-4004-27.zip,202202101345,下閉伊郡川井村,地区外-2151208,,
03487-4004-27.zip,202202101345,下閉伊郡川井村,地区外-2151209,,
03487-4004-27.zip,202202101345,下閉伊郡川井村,地区外-2151210,,
03487-4004-27.zip,202202101345,下閉伊郡川井村,地区外-2151211,,
03487-4004-27.zip,202202101345,下閉伊郡川井村,地区外-2151212,,
03487-4004-27.zip,202202101345,下閉伊郡川井村,地区外-2151213,,
03487-4004-27.zip,202202101345,下閉伊郡川井村,地区外-2151214,,
03487-4004-27.zip,202202101345,下閉伊郡川井村,地区外-2151215,,
03487-4004-27.zip,202202101345,下閉伊郡川井村,地区外-2151216,,
03487-4004-27.zip,202202101345,下閉伊郡川井村,地区外-2151197,,
03487-4004-27.zip,202202101345,下閉伊郡川井村,地区外-2151201,,
03487-4004-28.zip,202202101345,下閉伊郡川井村,地区外-3654671,,
03487-4004-28.zip,202202101345,下閉伊郡川井村,地区外-3654672,,
03487-4004-28.zip,202202101345,下閉伊郡川井村,地区外-3654673,,
03487-4004-28.zip,202202101345,下閉伊郡川井村,地区外-3654674,,
03487-4004-28.zip,202202101345,下閉伊郡川井村,地区外-3654675,,
03487-4004-28.zip,202202101345,下閉伊郡川井村,地区外-3654676,,
03487-4004-28.zip,202202101345,下閉伊郡川井村,地区外-3654677,,
03487-4004-28.zip,202202101345,下閉伊郡川井村,地区外-3654678,,
03487-4004-28.zip,202202101345,下閉伊郡川井村,地区外-3654679,,
03487-4004-28.zip,202202101345,下閉伊郡川井村,地区外-3654680,,
03487-4004-28.zip,202202101345,下閉伊郡川井村,地区外-3654681,,
03487-4004-28.zip,202202101345,下閉伊郡川井村,地区外-3654682,,
03487-4004-28.zip,202202101345,下閉伊郡川井村,地区外-3654683,,
03487-4004-28.zip,202202101345,下閉伊郡川井村,地区外-3654684,,
03487-4004-28.zip,202202101345,下閉伊郡川井村,地区外-3654685,,
03487-4004-28.zip,202202101345,下閉伊郡川井村,地区外-3654686,,
03487-4004-28.zip,202202101345,下閉伊郡川井村,地区外-3654687,,
03487-4004-28.zip,202202101345,下閉伊郡川井村,地区外-3654688,,
03487-4004-28.zip,202202101345,下閉伊郡川井村,地区外-3654689,,
03487-4004-28.zip,202202101345,下閉伊郡川井村,地区外-3654690,,
03487-4004-28.zip,202202101345,下閉伊郡川井村,地区外-3654691,,
03487-4004-28.zip,202202101345,下閉伊郡川井村,地区外-3654692,,
03487-4004-28.zip,202202101345,下閉伊郡川井村,地区外-3654693,,
03487-4004-28.zip,202202101345,下閉伊郡川井村,地区外-3654694,,
03487-4004-28.zip,202202101345,下閉伊郡川井村,地区外-3654695,,
03487-4004-28.zip,202202101345,下閉伊郡川井村,地区外-3654696,,
03487-4004-28.zip,202202101345,下閉伊郡川井村,地区外-3654697,,
03487-4004-28.zip,202202101345,下閉伊郡川井村,地区外-3654698,,
03487-4004-28.zip,202202101345,下閉伊郡川井村,地区外-3654699,,
03487-4004-28.zip,202202101345,下閉伊郡川井村,地区外-3654700,,
03487-4004-28.zip,202202101345,下閉伊郡川井村,地区外-3654701,,
03487-4004-28.zip,202202101345,下閉伊郡川井村,地区外-3654702,,
03487-4004-28.zip,202202101345,下閉伊郡川井村,地区外-3654703,,
03487-4004-28.zip,202202101345,下閉伊郡川井村,地区外-3654704,,
03487-4004-28.zip,202202101345,下閉伊郡川井村,地区外-3654705,,
03487-4004-28.zip,202202101345,下閉伊郡川井村,地区外-3654706,,
03487-4004-28.zip,202202101345,下閉伊郡川井村,地区外-3654707,,
03487-4004-28.zip,202202101345,下閉伊郡川井村,地区外-3654708,,
03487-4004-28.zip,202202101345,下閉伊郡川井村,地区外-3654709,,
03487-4004-28.zip,202202101345,下閉伊郡川井村,地区外-3654710,,
03487-4004-28.zip,202202101345,下閉伊郡川井村,地区外-3654711,,
03487-4004-28.zip,202202101345,下閉伊郡川井村,地区外-3654712,,
03487-4004-28.zip,202202101345,下閉伊郡川井村,地区外-3654713,,
03487-4004-28.zip,202202101345,下閉伊郡川井村,地区外-3654714,,
03487-4004-28.zip,202202101345,下閉伊郡川井村,地区外-3654715,,
03487-4004-28.zip,202202101345,下閉伊郡川井村,地区外-3654716,,
03487-4004-28.zip,202202101345,下閉伊郡川井村,地区外-3654717,,
03487-4004-28.zip,202202101345,下閉伊郡川井村,地区外-3654718,,
03487-4004-28.zip,202202101345,下閉伊郡川井村,地区外-3654719,,
03487-4004-28.zip,202202101345,下閉伊郡川井村,地区外-3654720,,
03487-4004-28.zip,202202101345,下閉伊郡川井村,地区外-3654721,,
03487-4004-28.zip,202202101345,下閉伊郡川井村,地区外-3654722,,
03487-4004-28.zip,202202101345,下閉伊郡川井村,地区外-3654723,,
03487-4004-28.zip,202202101345,下閉伊郡川井村,地区外-3654724,,
03487-4004-28.zip,202202101345,下閉伊郡川井村,地区外-3654725,,
03487-4004-28.zip,202202101345,下閉伊郡川井村,地区外-3654726,,
03487-4004-28.zip,202202101345,下閉伊郡川井村,地区外-3654727,,
03487-4004-28.zip,202202101345,下閉伊郡川井村,地区外-3654728,,
03487-4004-28.zip,202202101345,下閉伊郡川井村,地区外-3654729,,
03487-4004-29.zip,202202101345,下閉伊郡川井村,地区外-3669735,,
03487-4004-29.zip,202202101345,下閉伊郡川井村,地区外-3669736,,
03487-4004-29.zip,202202101345,下閉伊郡川井村,地区外-3669737,,
03487-4004-29.zip,202202101345,下閉伊郡川井村,地区外-3669738,,
03487-4004-29.zip,202202101345,下閉伊郡川井村,地区外-3669739,,
03487-4004-29.zip,202202101345,下閉伊郡川井村,地区外-3669740,,
03487-4004-29.zip,202202101345,下閉伊郡川井村,地区外-3669742,,
03487-4004-29.zip,202202101345,下閉伊郡川井村,地区外-3669743,,
03487-4004-29.zip,202202101345,下閉伊郡川井村,地区外-3669744,,
03487-4004-29.zip,202202101345,下閉伊郡川井村,地区外-3669745,,
03487-4004-29.zip,202202101345,下閉伊郡川井村,地区外-3669746,,
03487-4004-29.zip,202202101345,下閉伊郡川井村,地区外-3669747,,
03487-4004-29.zip,202202101345,下閉伊郡川井村,地区外-3669748,,
03487-4004-29.zip,202202101345,下閉伊郡川井村,地区外-3669749,,
03487-4004-29.zip,202202101345,下閉伊郡川井村,地区外-3669750,,
03487-4004-29.zip,202202101345,下閉伊郡川井村,地区外-3669751,,
03487-4004-29.zip,202202101345,下閉伊郡川井村,地区外-3669752,,
03487-4004-29.zip,202202101345,下閉伊郡川井村,地区外-3669753,,
03487-4004-29.zip,202202101345,下閉伊郡川井村,地区外-3669754,,
03487-4004-29.zip,202202101345,下閉伊郡川井村,地区外-3669755,,
03487-4004-29.zip,202202101345,下閉伊郡川井村,地区外-3669756,,
03487-4004-29.zip,202202101345,下閉伊郡川井村,地区外-3669757,,
03487-4004-29.zip,202202101345,下閉伊郡川井村,地区外-3669758,,
03487-4004-29.zip,202202101345,下閉伊郡川井村,地区外-3669759,,
03487-4004-29.zip,202202101345,下閉伊郡川井村,地区外-3669760,,
03487-4004-29.zip,202202101345,下閉伊郡川井村,地区外-3669761,,
03487-4004-29.zip,202202101345,下閉伊郡川井村,地区外-3669762,,
03487-4004-29.zip,202202101345,下閉伊郡川井村,地区外-3669763,,
03487-4004-29.zip,202202101345,下閉伊郡川井村,地区外-3669764,,
03487-4004-29.zip,202202101345,下閉伊郡川井村,地区外-3669765,,
03487-4004-29.zip,202202101345,下閉伊郡川井村,地区外-3669766,,
03487-4004-29.zip,202202101345,下閉伊郡川井村,地区外-3669767,,
03487-4004-29.zip,202202101345,下閉伊郡川井村,地区外-3669768,,
03487-4004-29.zip,202202101345,下閉伊郡川井村,地区外-3669769,,
03487-4004-29.zip,202202101345,下閉伊郡川井村,地区外-3669770,,
03487-4004-29.zip,202202101345,下閉伊郡川井村,地区外-3669741,,
03487-4004-30.zip,202202101345,下閉伊郡川井村,地区外-3770227,,
03487-4004-30.zip,202202101345,下閉伊郡川井村,地区外-3770228,,
03487-4004-30.zip,202202101345,下閉伊郡川井村,地区外-3770229,,
03487-4004-30.zip,202202101345,下閉伊郡川井村,地区外-3770230,,
03487-4004-30.zip,202202101345,下閉伊郡川井村,地区外-3770231,,
03487-4004-30.zip,202202101345,下閉伊郡川井村,地区外-3770232,,
03487-4004-30.zip,202202101345,下閉伊郡川井村,地区外-3770233,,
03487-4004-30.zip,202202101345,下閉伊郡川井村,地区外-3770234,,
03487-4004-30.zip,202202101345,下閉伊郡川井村,地区外-3770235,,
03487-4004-30.zip,202202101345,下閉伊郡川井村,地区外-3770236,,
03487-4004-30.zip,202202101345,下閉伊郡川井村,地区外-3770237,,
03487-4004-30.zip,202202101345,下閉伊郡川井村,地区外-3770238,,
03487-4004-30.zip,202202101345,下閉伊郡川井村,地区外-3770239,,
03487-4004-30.zip,202202101345,下閉伊郡川井村,地区外-3770240,,
03487-4004-30.zip,202202101345,下閉伊郡川井村,地区外-3770241,,
03487-4004-30.zip,202202101345,下閉伊郡川井村,地区外-3770242,,
03487-4004-30.zip,202202101345,下閉伊郡川井村,地区外-3770243,,
03487-4004-30.zip,202202101345,下閉伊郡川井村,地区外-3770244,,
03487-4004-30.zip,202202101345,下閉伊郡川井村,地区外-3770245,,
03487-4004-30.zip,202202101345,下閉伊郡川井村,地区外-3770246,,
03487-4004-30.zip,202202101345,下閉伊郡川井村,地区外-3770247,,
03487-4004-30.zip,202202101345,下閉伊郡川井村,地区外-3770248,,
03487-4004-30.zip,202202101345,下閉伊郡川井村,地区外-3770249,,
03487-4004-30.zip,202202101345,下閉伊郡川井村,地区外-3770250,,
03487-4004-31.zip,202202101345,下閉伊郡川井村,地区外-3816444,,
03487-4004-31.zip,202202101345,下閉伊郡川井村,地区外-3816445,,
03487-4004-31.zip,202202101345,下閉伊郡川井村,地区外-3816446,,
03487-4004-31.zip,202202101345,下閉伊郡川井村,地区外-3816447,,
03487-4004-31.zip,202202101345,下閉伊郡川井村,地区外-3816448,,
03487-4004-31.zip,202202101345,下閉伊郡川井村,地区外-3816449,,
03487-4004-31.zip,202202101345,下閉伊郡川井村,地区外-3816450,,
03487-4004-31.zip,202202101345,下閉伊郡川井村,地区外-3816451,,
03487-4004-31.zip,202202101345,下閉伊郡川井村,地区外-3816452,,
03487-4004-31.zip,202202101345,下閉伊郡川井村,地区外-3816453,,
03487-4004-31.zip,202202101345,下閉伊郡川井村,地区外-3816454,,
03487-4004-31.zip,202202101345,下閉伊郡川井村,地区外-3816455,,
03487-4004-31.zip,202202101345,下閉伊郡川井村,地区外-3816456,,
03487-4004-31.zip,202202101345,下閉伊郡川井村,地区外-3816457,,
03487-4004-31.zip,202202101345,下閉伊郡川井村,地区外-3816458,,
03487-4004-31.zip,202202101345,下閉伊郡川井村,地区外-3816459,,
03487-4004-31.zip,202202101345,下閉伊郡川井村,地区外-3816460,,
03487-4004-31.zip,202202101345,下閉伊郡川井村,地区外-3816461,,
03487-4004-31.zip,202202101345,下閉伊郡川井村,地区外-3816462,,
03487-4004-31.zip,202202101345,下閉伊郡川井村,地区外-3816464,,
03487-4004-31.zip,202202101345,下閉伊郡川井村,地区外-3816465,,
03487-4004-31.zip,202202101345,下閉伊郡川井村,地区外-3816466,,
03487-4004-31.zip,202202101345,下閉伊郡川井村,地区外-3816467,,
03487-4004-31.zip,202202101345,下閉伊郡川井村,地区外-3816468,,
03487-4004-31.zip,202202101345,下閉伊郡川井村,地区外-3816469,,
03487-4004-31.zip,202202101345,下閉伊郡川井村,地区外-3816470,,
03487-4004-31.zip,202202101345,下閉伊郡川井村,地区外-3816471,,
03487-4004-31.zip,202202101345,下閉伊郡川井村,地区外-3816472,,
03487-4004-31.zip,202202101345,下閉伊郡川井村,地区外-3816473,,
03487-4004-31.zip,202202101345,下閉伊郡川井村,地区外-3816474,,
03487-4004-31.zip,202202101345,下閉伊郡川井村,地区外-3816475,,
03487-4004-31.zip,202202101345,下閉伊郡川井村,地区外-3816476,,
03487-4004-31.zip,202202101345,下閉伊郡川井村,地区外-3816477,,
03487-4004-31.zip,202202101345,下閉伊郡川井村,地区外-3816478,,
03487-4004-31.zip,202202101345,下閉伊郡川井村,地区外-3816479,,
03487-4004-31.zip,202202101345,下閉伊郡川井村,地区外-3816480,,
03487-4004-31.zip,202202101345,下閉伊郡川井村,地区外-3816481,,
03487-4004-31.zip,202202101345,下閉伊郡川井村,地区外-3816482,,
03487-4004-31.zip,202202101345,下閉伊郡川井村,地区外-3816483,,
03487-4004-31.zip,202202101345,下閉伊郡川井村,地区外-3816484,,
03487-4004-31.zip,202202101345,下閉伊郡川井村,地区外-3816485,,
03487-4004-31.zip,202202101345,下閉伊郡川井村,地区外-3816486,,
03487-4004-31.zip,202202101345,下閉伊郡川井村,地区外-3816487,,
03487-4004-31.zip,202202101345,下閉伊郡川井村,地区外-3816488,,
03487-4004-31.zip,202202101345,下閉伊郡川井村,地区外-3816489,,
03487-4004-31.zip,202202101345,下閉伊郡川井村,地区外-3816490,,
03487-4004-31.zip,202202101345,下閉伊郡川井村,地区外-3816491,,
03487-4004-31.zip,202202101345,下閉伊郡川井村,地区外-3816492,,
03487-4004-31.zip,202202101345,下閉伊郡川井村,地区外-3816493,,
03487-4004-31.zip,202202101345,下閉伊郡川井村,地区外-3816494,,
03487-4004-31.zip,202202101345,下閉伊郡川井村,地区外-3816495,,
03487-4004-31.zip,202202101345,下閉伊郡川井村,地区外-3816496,,
03487-4004-31.zip,202202101345,下閉伊郡川井村,地区外-3816497,,
03487-4004-31.zip,202202101345,下閉伊郡川井村,地区外-3816498,,
03487-4004-31.zip,202202101345,下閉伊郡川井村,地区外-3816499,,
03487-4004-31.zip,202202101345,下閉伊郡川井村,地区外-3816500,,
03487-4004-31.zip,202202101345,下閉伊郡川井村,地区外-3816501,,
03487-4004-31.zip,202202101345,下閉伊郡川井村,地区外-3816502,,
03487-4004-31.zip,202202101345,下閉伊郡川井村,地区外-3816503,,
03487-4004-31.zip,202202101345,下閉伊郡川井村,地区外-3816504,,
03487-4004-31.zip,202202101345,下閉伊郡川井村,地区外-3816505,,
03487-4004-31.zip,202202101345,下閉伊郡川井村,地区外-3816506,,
03487-4004-31.zip,202202101345,下閉伊郡川井村,地区外-3816507,,
03487-4004-31.zip,202202101345,下閉伊郡川井村,地区外-3816508,,
03487-4004-31.zip,202202101345,下閉伊郡川井村,地区外-3816509,,
03487-4004-31.zip,202202101345,下閉伊郡川井村,地区外-3816510,,
03487-4004-31.zip,202202101345,下閉伊郡川井村,地区外-3816511,,
03487-4004-31.zip,202202101345,下閉伊郡川井村,地区外-3816512,,
03487-4004-31.zip,202202101345,下閉伊郡川井村,地区外-3816513,,
03487-4004-31.zip,202202101345,下閉伊郡川井村,地区外-3816514,,
03487-4004-31.zip,202202101345,下閉伊郡川井村,地区外-3816515,,
03487-4004-31.zip,202202101345,下閉伊郡川井村,地区外-3816516,,
03487-4004-31.zip,202202101345,下閉伊郡川井村,地区外-3816517,,
03487-4004-31.zip,202202101345,下閉伊郡川井村,地区外-3816518,,
03487-4004-31.zip,202202101345,下閉伊郡川井村,地区外-3816519,,
03487-4004-31.zip,202202101345,下閉伊郡川井村,地区外-3816520,,
03487-4004-31.zip,202202101345,下閉伊郡川井村,地区外-3816463,,
